track_uri,name,artists_names,popularity,album_type,is_playable,release_date,artists_uris,playlist_uris,danceability,energy,key,loudness,mode,speechiness,acousticness,instrumentalness,liveness,valence,tempo,analysis_url,duration_ms,time_signature,artists_popularities,artists_genres,artists_followers
spotify:track:3v6sBj3swihU8pXQQHhDZo,Way Up (feat. Ava Re),['Floduxe'],0,single,True,2015-11-20,['spotify:artist:4B7SI5PsnEgeMQd6gSIrbn'],['spotify:playlist:5JJZvA3VR9RZ5XIr0reWiM'],0.611,0.614,5.0,-8.815,0.0,0.0672,0.0169,0.000794,0.753,0.52,128.05,https://api.spotify.com/v1/audio-analysis/3v6sBj3swihU8pXQQHhDZo,195000.0,4.0,[9],[[]],[765]
spotify:track:7KCWmFdw0TzoJbKtqRRzJO,Fantasy - Felix Jaehn Remix,"['Alina Baraz', 'Galimatias']",33,album,True,2015-09-04,"['spotify:artist:6hfwwpXqZPRC9CsKI7qtv1', 'spotify:artist:0tOrKkXIn3VYyVHFEPG6Xd']",['spotify:playlist:5JJZvA3VR9RZ5XIr0reWiM'],0.638,0.781,4.0,-6.848,0.0,0.0285,0.0118,0.00953,0.349,0.25,122.985,https://api.spotify.com/v1/audio-analysis/7KCWmFdw0TzoJbKtqRRzJO,194641.0,4.0,"[68, 56]","[['etherpop', 'pop', 'r&b'], ['chillstep', 'future bass']]","[1283665, 138396]"
spotify:track:2CY92qejUrhyPUASawNVRr,Try Me,['DeJ Loaf'],52,single,True,2014-10-15,['spotify:artist:7kFfY4UjNdNyaeUgLIEbIF'],['spotify:playlist:5JJZvA3VR9RZ5XIr0reWiM'],0.56,0.81,0.0,-8.029,0.0,0.0872,0.0071,7.93e-06,0.241,0.247,170.044,https://api.spotify.com/v1/audio-analysis/2CY92qejUrhyPUASawNVRr,217573.0,4.0,[65],"[['detroit hip hop', 'pop r&b', 'r&b', 'trap', 'trap queen']]",[1544981]
spotify:track:11BPfwVbB7vok7KfjBeW4k,Walk on by (Sound Remedy Remix),['Noosa'],0,single,True,2014-07-10,['spotify:artist:2F8tffsSfw1767WgjtAHBW'],['spotify:playlist:5JJZvA3VR9RZ5XIr0reWiM'],0.525,0.699,9.0,-4.571,1.0,0.0353,0.0178,8.8e-05,0.0888,0.199,92.011,https://api.spotify.com/v1/audio-analysis/11BPfwVbB7vok7KfjBeW4k,443478.0,4.0,[32],"[['shimmer pop', 'shiver pop']]",[18241]
spotify:track:3yUJKPsjvThlcQWTS9ttYx,Pretty Wings,"['Zak Waters', 'Pretty Sister']",0,single,True,2014-06-17,"['spotify:artist:0B8XBGloduGCBtRK8nm2YF', 'spotify:artist:4bvWFV51SAEocM22uiDOza']",['spotify:playlist:5JJZvA3VR9RZ5XIr0reWiM'],0.367,0.771,9.0,-5.863,1.0,0.106,0.365,1.47e-06,0.0965,0.163,115.917,https://api.spotify.com/v1/audio-analysis/3yUJKPsjvThlcQWTS9ttYx,225862.0,4.0,"[30, 39]","[['indie poptimism'], ['la pop']]","[10105, 13775]"
spotify:track:41MOCUNOgWtaYBFUsGnpZ5,The Safety Dance - Video Version,['Men Without Hats'],37,album,True,1982,['spotify:artist:34PLzyi7CdXUekiLHYyqXq'],"['spotify:playlist:3o1jJdcl3fz0nxnEvmpozM', 'spotify:playlist:2MRwwqPvBdkihfVVkbdyyc', 'spotify:playlist:1QGAGnozUEKcW3YHAY0OJP', 'spotify:playlist:519N2pOOQrNuVt3hJ7GF7S', 'spotify:playlist:12qiUmQsX8f8ZRBayEGhyn', 'spotify:playlist:5JJZvA3VR9RZ5XIr0reWiM']",0.572,0.837,5.0,-7.876,1.0,0.0367,0.0197,0.0,0.163,0.627,100.343,https://api.spotify.com/v1/audio-analysis/41MOCUNOgWtaYBFUsGnpZ5,166920.0,4.0,[55],"[['classic canadian rock', 'new romantic', 'new wave', 'new wave pop', 'synthpop']]",[208619]
spotify:track:5JP1cMCDxX4k2gwfSgt8Lf,Idle Hands,['EXGF'],29,single,True,2014-05-27,['spotify:artist:4V5CfrbkqZkFJZUiXYWSVC'],['spotify:playlist:5JJZvA3VR9RZ5XIr0reWiM'],0.725,0.687,3.0,-6.465,1.0,0.0596,0.694,0.000369,0.231,0.77,96.005,https://api.spotify.com/v1/audio-analysis/5JP1cMCDxX4k2gwfSgt8Lf,193133.0,4.0,[27],[[]],[8653]
spotify:track:73xsMXuRNB3yqLeNc7NXBq,Religion,['Tongues.'],15,single,True,2015-07-27,['spotify:artist:4wTH4jmwcMt9YoU97YWvxt'],['spotify:playlist:5JJZvA3VR9RZ5XIr0reWiM'],0.675,0.547,0.0,-4.999,1.0,0.0481,0.114,7.97e-05,0.0678,0.365,75.003,https://api.spotify.com/v1/audio-analysis/73xsMXuRNB3yqLeNc7NXBq,253000.0,4.0,[5],[[]],[1217]
spotify:track:6TwrBbgTaB5gpl06YQoRKy,Saskatoon,['Data Romance'],27,album,True,2011-01-11,['spotify:artist:3mXiWyHEJpWwUXJx2XNSM8'],['spotify:playlist:5JJZvA3VR9RZ5XIr0reWiM'],0.516,0.692,7.0,-4.842,1.0,0.0279,0.0875,0.0093,0.09,0.181,83.571,https://api.spotify.com/v1/audio-analysis/6TwrBbgTaB5gpl06YQoRKy,216187.0,4.0,[23],[[]],[5789]
spotify:track:5SDEirHg6Y8fCYuKMnAaC5,Whirlpool,['Sea Wolf'],33,album,True,2012-09-11,['spotify:artist:3ZllGjNdP5pS8UFnT5Jj2x'],['spotify:playlist:5JJZvA3VR9RZ5XIr0reWiM'],0.548,0.509,9.0,-7.937,1.0,0.0288,0.261,0.702,0.079,0.484,78.974,https://api.spotify.com/v1/audio-analysis/5SDEirHg6Y8fCYuKMnAaC5,232333.0,4.0,[45],"[['indie folk', 'indie pop', 'indie rock', 'la indie', 'stomp and holler']]",[126014]
spotify:track:37tp9qtF4YQF0nvaQ3ryB7,Wait a Minute,['Safakash'],0,album,True,2015-08-18,['spotify:artist:4hcacKtQRVlDecmw4m1hWz'],['spotify:playlist:5JJZvA3VR9RZ5XIr0reWiM'],0.559,0.933,7.0,-4.233,0.0,0.361,0.327,0.226,0.356,0.234,182.912,https://api.spotify.com/v1/audio-analysis/37tp9qtF4YQF0nvaQ3ryB7,123630.0,4.0,[12],[['chillhop']],[7463]
spotify:track:5ZWMcomAviWuMGZWbBxmGd,Coastin' feat. K. Flay - Dirty,['Zion I'],0,album,True,2009-01-26,['spotify:artist:3LLs28LJVlXAjWc8UDkcQZ'],['spotify:playlist:5JJZvA3VR9RZ5XIr0reWiM'],0.817,0.695,8.0,-7.391,1.0,0.0497,0.0299,0.00183,0.0956,0.404,91.971,https://api.spotify.com/v1/audio-analysis/5ZWMcomAviWuMGZWbBxmGd,266413.0,4.0,[47],"[['alternative hip hop', 'underground rap']]",[93264]
spotify:track:1zDHb1p9J2SUVGqttkIwlW,Call Me Crazy,['PJ Simas'],36,album,True,2012-07-30,['spotify:artist:23DN6axfAGedBZKTmBdGpX'],['spotify:playlist:5JJZvA3VR9RZ5XIr0reWiM'],0.807,0.709,1.0,-7.476,0.0,0.193,0.626,0.0,0.296,0.537,96.006,https://api.spotify.com/v1/audio-analysis/1zDHb1p9J2SUVGqttkIwlW,232500.0,4.0,[24],[['indie pop rap']],[6824]
spotify:track:03ibPDUYi7g1vOC9eJGrsy,Human Being,['Zion I'],20,album,True,2012-10-02,['spotify:artist:3LLs28LJVlXAjWc8UDkcQZ'],['spotify:playlist:5JJZvA3VR9RZ5XIr0reWiM'],0.818,0.76,7.0,-4.273,1.0,0.0673,0.049,4.74e-06,0.112,0.508,85.996,https://api.spotify.com/v1/audio-analysis/03ibPDUYi7g1vOC9eJGrsy,228107.0,4.0,[47],"[['alternative hip hop', 'underground rap']]",[93264]
spotify:track:1Yt78wXs4KUeMrOxZu8dQT,Party & Bullshit In The USA,['DJ Crazy J Rodriguez'],0,album,True,2010-10-09,['spotify:artist:3n6DxOAaKCu5aR076SzKcp'],['spotify:playlist:5JJZvA3VR9RZ5XIr0reWiM'],0.774,0.665,10.0,-5.637,0.0,0.0721,0.00401,0.0,0.455,0.512,97.522,https://api.spotify.com/v1/audio-analysis/1Yt78wXs4KUeMrOxZu8dQT,201927.0,4.0,[1],[[]],[16193]
spotify:track:4grBhZ71RTsPWgykqlUBFA,Whiskey My Love,['Kalob Griffin Band'],0,single,True,2011-03-02,['spotify:artist:1MLgMjrmjef0mTrU3CxBd0'],['spotify:playlist:5JJZvA3VR9RZ5XIr0reWiM'],0.657,0.813,10.0,-4.253,1.0,0.0431,0.187,0.0,0.112,0.864,105.64,https://api.spotify.com/v1/audio-analysis/4grBhZ71RTsPWgykqlUBFA,178640.0,4.0,[3],[[]],[466]
spotify:track:4KSQ9el0QgTKKie5oCtKLe,Pocket Full Of Gold,['American Authors'],56,album,True,2016-07-01,['spotify:artist:0MlOPi3zIDMVrfA9R04Fe3'],"['spotify:playlist:6QOC6seTuY5y0J0KwJCJBO', 'spotify:playlist:37i9dQZF1DWWCk4v3ohhHQ']",0.608,0.945,11.0,-3.858,1.0,0.0483,0.00433,0.0,0.0773,0.682,115.933,https://api.spotify.com/v1/audio-analysis/4KSQ9el0QgTKKie5oCtKLe,180213.0,4.0,[67],"[['indie poptimism', 'modern alternative rock', 'modern rock', 'pop rock']]",[1486700]
spotify:track:6P0dI2yAf2cmg4UrCcStwE,Waiting For You,['Grizfolk'],44,album,True,2015-12-04,['spotify:artist:6Xa4nbrSTfbioA4lLShbjh'],"['spotify:playlist:1XjcbwYnkGT87SoAXdp607', 'spotify:playlist:6QOC6seTuY5y0J0KwJCJBO']",0.588,0.894,3.0,-5.564,1.0,0.0403,0.000176,0.23,0.141,0.552,123.031,https://api.spotify.com/v1/audio-analysis/6P0dI2yAf2cmg4UrCcStwE,237853.0,4.0,[52],"[['indie poptimism', 'modern alternative rock', 'modern rock', 'pop rock', 'stomp and holler', 'swedish alternative rock']]",[143241]
spotify:track:24kirWnsEEyGgbl2NuhSVz,Endless Summer,['Grizfolk'],45,single,True,2018-03-23,['spotify:artist:6Xa4nbrSTfbioA4lLShbjh'],"['spotify:playlist:1YKxkgvu0TEfOfsXQz7EyX', 'spotify:playlist:3JX0GIMcHORLt5F6q7JIwC', 'spotify:playlist:6QOC6seTuY5y0J0KwJCJBO', 'spotify:playlist:4nuAs8oc3F0LklsMQyXeao']",0.498,0.727,4.0,-6.116,1.0,0.0308,0.0562,0.0,0.609,0.441,79.994,https://api.spotify.com/v1/audio-analysis/24kirWnsEEyGgbl2NuhSVz,212600.0,4.0,[52],"[['indie poptimism', 'modern alternative rock', 'modern rock', 'pop rock', 'stomp and holler', 'swedish alternative rock']]",[143241]
spotify:track:2RKmGDTq840oLpKC0WOaCr,Odds Are,['Barenaked Ladies'],55,album,True,2013-01-01,['spotify:artist:0dEvJpkqhrcn64d3oI8v79'],['spotify:playlist:6QOC6seTuY5y0J0KwJCJBO'],0.629,0.855,10.0,-5.593,1.0,0.0568,0.108,0.0,0.198,0.963,96.039,https://api.spotify.com/v1/audio-analysis/2RKmGDTq840oLpKC0WOaCr,184400.0,4.0,[60],"[['canadian pop', 'canadian rock', 'comic', 'pop rock']]",[718871]
spotify:track:4R06uQw0yBQXWmatdIOlch,Those Nights,['Bastille'],52,album,True,2019-06-14,['spotify:artist:7EQ0qTo7fWT7DPxmxtSYEc'],['spotify:playlist:6QOC6seTuY5y0J0KwJCJBO'],0.523,0.544,7.0,-6.585,0.0,0.0578,0.465,0.0,0.121,0.268,75.053,https://api.spotify.com/v1/audio-analysis/4R06uQw0yBQXWmatdIOlch,270255.0,4.0,[75],"[['metropopolis', 'modern rock', 'pop', 'pop rock', 'tropical house']]",[5314693]
spotify:track:2G1T3kqYNyhMjXbqZ4e3vX,Salvation,['The Strumbellas'],0,album,True,2019-03-29,['spotify:artist:6ujr1NkqbZpYOhquczUUfl'],['spotify:playlist:6QOC6seTuY5y0J0KwJCJBO'],0.609,0.861,4.0,-5.26,1.0,0.0927,0.00599,0.0,0.0924,0.53,139.914,https://api.spotify.com/v1/audio-analysis/2G1T3kqYNyhMjXbqZ4e3vX,203667.0,4.0,[58],"[['canadian indie', 'folk-pop', 'pop rock', 'stomp and holler']]",[254497]
spotify:track:6t6bOh1jmVcRke7rmzAegb,Straight Jacket,['Bay Ledges'],53,single,True,2017-08-18,['spotify:artist:7FhRUp59cBzPaxobsRY1Nc'],"['spotify:playlist:68wUcdltu25ybfR4Ux2yfk', 'spotify:playlist:6QOC6seTuY5y0J0KwJCJBO', 'spotify:playlist:6gDMRRJhthuZB8hflntWbF', 'spotify:playlist:7mwomuU2VGvtbx9Wf0isSb']",0.616,0.657,7.0,-5.375,1.0,0.0649,0.117,0.0,0.11,0.927,79.919,https://api.spotify.com/v1/audio-analysis/6t6bOh1jmVcRke7rmzAegb,205066.0,4.0,[58],"[['indie poptimism', 'la pop', 'modern rock', 'vapor soul']]",[50869]
spotify:track:2r12KCHNv0p7JQJsGt3vYK,Hymnals - RAC Mix,['Grizfolk'],40,single,True,2015-04-07,['spotify:artist:6Xa4nbrSTfbioA4lLShbjh'],"['spotify:playlist:6QOC6seTuY5y0J0KwJCJBO', 'spotify:playlist:7mwomuU2VGvtbx9Wf0isSb']",0.604,0.806,7.0,-6.416,0.0,0.0467,0.0126,0.00803,0.176,0.0894,131.95,https://api.spotify.com/v1/audio-analysis/2r12KCHNv0p7JQJsGt3vYK,219943.0,4.0,[52],"[['indie poptimism', 'modern alternative rock', 'modern rock', 'pop rock', 'stomp and holler', 'swedish alternative rock']]",[143241]
spotify:track:4sofJiicQwKsRo3S1vpt39,Turning Me Up (Hadal Ahbek),"['Issam Alnajjar', 'Loud Luxury', 'Ali Gatie']",52,single,True,2021-04-09,"['spotify:artist:6dO0RkhFhjMwLtLQqNgL8r', 'spotify:artist:6t1gpxYbY8OlLA7D2RiikQ', 'spotify:artist:4rTv3Ejc7hKMtmoBOK1B4T']",['spotify:playlist:6QOC6seTuY5y0J0KwJCJBO'],0.744,0.816,11.0,-3.933,1.0,0.0372,0.144,8.51e-06,0.0902,0.748,120.062,https://api.spotify.com/v1/audio-analysis/4sofJiicQwKsRo3S1vpt39,144000.0,4.0,"[52, 71, 70]","[['indonesian viral pop'], ['dance pop', 'edm', 'electro house', 'pop', 'pop dance', 'tropical house'], ['canadian hip hop', 'pop']]","[77327, 613055, 2029361]"
spotify:track:2dyrLrVopYKGc3H9oOYSmZ,Problems,"['Don Diablo', 'JLV', 'John K']",45,single,True,2021-03-05,"['spotify:artist:1l2ekx5skC4gJH8djERwh1', 'spotify:artist:5CBNhusqki2s2jp4Lo6i2L', 'spotify:artist:73eAAfRkS2Vi4hx68oTJJE']",['spotify:playlist:6QOC6seTuY5y0J0KwJCJBO'],0.721,0.768,3.0,-4.371,1.0,0.0685,0.21,0.00843,0.262,0.468,124.076,https://api.spotify.com/v1/audio-analysis/2dyrLrVopYKGc3H9oOYSmZ,179032.0,4.0,"[69, 54, 64]","[['dance pop', 'edm', 'electro house', 'future house', 'house', 'pop dance', 'progressive electro house', 'progressive house', 'tropical house'], ['deep groove house', 'pop dance', 'pop edm'], ['chill r&b', 'electropop', 'pop']]","[1812294, 38347, 249627]"
spotify:track:7AxA87dIJ1FF4l1BQ98ZCZ,Somebody To Love,['Axel Black & White'],56,single,True,2021-01-05,['spotify:artist:3OexsqL65OHjNt8oeFn0fN'],['spotify:playlist:6QOC6seTuY5y0J0KwJCJBO'],0.52,0.907,1.0,-3.614,1.0,0.3,0.00373,5.28e-06,0.0906,0.219,132.046,https://api.spotify.com/v1/audio-analysis/7AxA87dIJ1FF4l1BQ98ZCZ,141171.0,4.0,[41],[[]],[2015]
spotify:track:5FDdviWQzhw7NWH2TiDl9d,Closer (feat. Lilly Ahlberg),"['Sonny Fodera', 'Just Kiddin', 'Lilly Ahlberg']",52,single,True,2021-04-30,"['spotify:artist:39B7ChWwrWDs7zXlsu3MoP', 'spotify:artist:4bazJLWIv8CuqmgxJRiGqo', 'spotify:artist:2s8bgT1CE6KOA0a2omeCDk']",['spotify:playlist:6QOC6seTuY5y0J0KwJCJBO'],0.7,0.782,3.0,-4.631,1.0,0.0542,0.449,0.0,0.143,0.68,124.969,https://api.spotify.com/v1/audio-analysis/5FDdviWQzhw7NWH2TiDl9d,169901.0,4.0,"[64, 57, 46]","[['deep groove house', 'deep house', 'edm', 'house', 'pop dance', 'tropical house', 'uk dance'], ['deep groove house', 'house', 'nu disco', 'pop dance', 'pop edm', 'tropical house', 'uk dance'], ['scandipop']]","[143521, 43796, 7737]"
spotify:track:0kJUHCpOr6CFU15kEKAgVF,bar hoppin’,['mike.'],50,album,True,2021-07-23,['spotify:artist:5G9kmDLg3OeUyj8KVBLzbu'],['spotify:playlist:6QOC6seTuY5y0J0KwJCJBO'],0.787,0.462,8.0,-7.985,1.0,0.0908,0.724,0.000187,0.102,0.554,86.994,https://api.spotify.com/v1/audio-analysis/0kJUHCpOr6CFU15kEKAgVF,197246.0,4.0,[68],"[['indie pop rap', 'pop rap', 'rhode island rap']]",[550163]
spotify:track:5WXSmZUK7MAtkcKoBPFyHm,Loop de Loop,['RV!'],8,single,True,2021-02-05,['spotify:artist:4eGtZX9AnQSjHj8n4qEVFk'],['spotify:playlist:6QOC6seTuY5y0J0KwJCJBO'],0.456,0.872,4.0,-5.87,1.0,0.0434,0.00264,0.000529,0.176,0.69,157.678,https://api.spotify.com/v1/audio-analysis/5WXSmZUK7MAtkcKoBPFyHm,180570.0,4.0,[3],[[]],[336]
spotify:track:3oqztHfES8jYMyrxPMzWwc,I Don't Wanna Talk (I Just Wanna Dance),['Glass Animals'],55,single,True,2021-09-10,['spotify:artist:4yvcSjfu4PC0CYQyLy4wSq'],['spotify:playlist:6QOC6seTuY5y0J0KwJCJBO'],0.703,0.624,7.0,-6.228,1.0,0.0364,0.0156,5.53e-05,0.299,0.808,131.966,https://api.spotify.com/v1/audio-analysis/3oqztHfES8jYMyrxPMzWwc,195191.0,4.0,[78],"[['gauze pop', 'indietronica', 'shiver pop']]",[3720063]
spotify:track:1zZIVe9x0JhdhpuQjLTjIM,pictures feat. Kacey Musgraves,['Judah & the Lion'],10,album,True,2019-08-07,['spotify:artist:3wWtfT7S2uVJJ3hGZlOLkZ'],"['spotify:playlist:6QOC6seTuY5y0J0KwJCJBO', 'spotify:playlist:2eU8i0siy395CVYkdZplbo']",0.567,0.542,2.0,-6.64,1.0,0.0309,0.309,0.000342,0.0734,0.229,125.16,https://api.spotify.com/v1/audio-analysis/1zZIVe9x0JhdhpuQjLTjIM,253869.0,4.0,[56],"[['banjo', 'folk-pop', 'indiecoustica', 'modern rock', 'pop rock', 'stomp and holler']]",[279471]
spotify:track:3tzlgaWjqZJX0fq2hiQW62,Put Me in the Ground (feat. Austin Sawyer),['Daniel Nunnelee'],47,single,True,2017-09-29,['spotify:artist:0rNsySWLw0GRzrj2Kh6jBs'],"['spotify:playlist:6QOC6seTuY5y0J0KwJCJBO', 'spotify:playlist:2mE6ajAGurIPK6qUu1r7zJ']",0.57,0.368,0.0,-9.128,1.0,0.0329,0.0514,0.0,0.108,0.136,139.937,https://api.spotify.com/v1/audio-analysis/3tzlgaWjqZJX0fq2hiQW62,266668.0,4.0,[46],[['nashville singer-songwriter']],[110387]
spotify:track:1i6gUYGzJF7XMukcwSwJ7k,Remind You,['FRENSHIP'],47,album,True,2019-05-17,['spotify:artist:7xEFii6utZmQ61kX59HmLH'],"['spotify:playlist:6QOC6seTuY5y0J0KwJCJBO', 'spotify:playlist:7mwomuU2VGvtbx9Wf0isSb']",0.704,0.686,7.0,-5.096,1.0,0.0439,0.733,4.8e-05,0.0977,0.427,101.05,https://api.spotify.com/v1/audio-analysis/1i6gUYGzJF7XMukcwSwJ7k,264596.0,4.0,[54],"[['electropop', 'indie electropop', 'indie poptimism', 'la pop', 'pop dance', 'pop edm', 'tropical house']]",[186401]
spotify:track:6kjeIqdUFA5p6GCtW8PzF3,As Long as You're Here,['Telehope'],0,album,True,2021-06-25,['spotify:artist:5cN9JUcmWKhbR3kM2mWIge'],['spotify:playlist:6QOC6seTuY5y0J0KwJCJBO'],0.681,0.665,8.0,-9.115,1.0,0.0529,0.00296,0.00652,0.154,0.832,116.047,https://api.spotify.com/v1/audio-analysis/6kjeIqdUFA5p6GCtW8PzF3,197586.0,4.0,[27],"[['cincinnati indie', 'hopebeat']]",[7335]
spotify:track:6S5mz361HiZquQleGlI3aD,where we are (acoustic),['The Lumineers'],50,single,True,2022-03-16,['spotify:artist:16oZKvXb6WkQlVAjwo2Wbg'],['spotify:playlist:6QOC6seTuY5y0J0KwJCJBO'],0.453,0.37,11.0,-8.671,1.0,0.0304,0.937,0.0,0.234,0.244,126.45,https://api.spotify.com/v1/audio-analysis/6S5mz361HiZquQleGlI3aD,167893.0,4.0,[78],"[['folk-pop', 'pop', 'stomp and holler']]",[5077609]
spotify:track:2NEBP8SXEqwZt2PRdPXXuy,Everything's Gonna Be Alright,['David Lee Murphy'],58,album,True,2018-04-06,['spotify:artist:78OAtwN3XpjMcjibnF2Kw5'],['spotify:playlist:6UrR0GgrbRNqsd05KhG2Hg'],0.764,0.587,5.0,-7.002,0.0,0.0298,0.0721,6.45e-06,0.094,0.494,89.98,https://api.spotify.com/v1/audio-analysis/2NEBP8SXEqwZt2PRdPXXuy,229573.0,4.0,[57],"[['contemporary country', 'country', 'country road', 'country rock', 'modern country rock']]",[306736]
spotify:track:2oMfpjxWmnLYcgbqkeAjfp,PARADISE TO ME,['Niko Moon'],57,album,True,2021-08-27,['spotify:artist:6Rw7DRa1dzChBvxGPCpOxU'],"['spotify:playlist:5OJQzPTkKINHUa1wcAcr2b', 'spotify:playlist:6UrR0GgrbRNqsd05KhG2Hg', 'spotify:playlist:75QpHRynDjJq7CoqIptqHK', 'spotify:playlist:1qWyc8Wm5lN5vHqeMfPBqd', 'spotify:playlist:3eJwnWkPpnBBjPP3BioBPA']",0.755,0.619,11.0,-6.829,0.0,0.0362,0.0246,0.0,0.0739,0.398,155.046,https://api.spotify.com/v1/audio-analysis/2oMfpjxWmnLYcgbqkeAjfp,216227.0,4.0,[58],[['contemporary country']],[92377]
spotify:track:69DR48pXzSabFUfQfDDJDb,Make Me Wanna,['Thomas Rhett'],64,album,True,2013-01-01,['spotify:artist:6x2LnllRG5uGarZMsD4iO8'],"['spotify:playlist:7aSJ4FeT4ZhpAYD3deoTcH', 'spotify:playlist:6UrR0GgrbRNqsd05KhG2Hg', 'spotify:playlist:5rJ466E0Qw2U8wimcseryl']",0.545,0.818,9.0,-6.38,1.0,0.0541,0.0369,0.0,0.101,0.679,109.019,https://api.spotify.com/v1/audio-analysis/69DR48pXzSabFUfQfDDJDb,225067.0,3.0,[74],"[['contemporary country', 'country', 'country road']]",[4447961]
spotify:track:5PNcJn4oFNvlRfrZBHfqWh,Castaway,['Zac Brown Band'],0,album,True,2015-04-28,['spotify:artist:6yJCxee7QumYr820xdIsjo'],"['spotify:playlist:6UrR0GgrbRNqsd05KhG2Hg', 'spotify:playlist:60RvK7JfGXL4zFVFxmmzOT', 'spotify:playlist:6vmUjbTCVM7OjUSyF2tUXM', 'spotify:playlist:0fdl8h0EC9am1ykTD1t36i']",0.611,0.782,8.0,-4.989,1.0,0.0474,0.147,0.0,0.115,0.915,101.319,https://api.spotify.com/v1/audio-analysis/5PNcJn4oFNvlRfrZBHfqWh,188053.0,4.0,[73],"[['contemporary country', 'country', 'country road', 'modern country rock']]",[3498692]
spotify:track:4whYDpJ5XVQpmvecbEHP5Q,Where It's At,['Dustin Lynch'],58,album,True,2014-09-09,['spotify:artist:1dID9zgn0OV0Y8ud7Mh2tS'],"['spotify:playlist:5rJ466E0Qw2U8wimcseryl', 'spotify:playlist:49QHtigsIlJ7DhsBElxQjC', 'spotify:playlist:6UrR0GgrbRNqsd05KhG2Hg', 'spotify:playlist:2VxF0Ope2So8d0PQQv9iol', 'spotify:playlist:0FVeLKuLEaBGVhUU8oFsw0', 'spotify:playlist:1mWt3ul4FchBQkA5O2UQv8', 'spotify:playlist:4tKVDUUfgvTGOPyyDWnXgw', 'spotify:playlist:2XlWXSTD1AYi4MIhhKnqCU']",0.557,0.737,3.0,-5.75,1.0,0.0476,0.0142,0.0,0.314,0.817,158.05,https://api.spotify.com/v1/audio-analysis/4whYDpJ5XVQpmvecbEHP5Q,204187.0,4.0,[68],"[['contemporary country', 'country', 'country road', 'modern country rock']]",[2087284]
spotify:track:3NgcaTIgVh77DdwAInp996,Good Girl,['Dustin Lynch'],59,album,True,2020-01-17,['spotify:artist:1dID9zgn0OV0Y8ud7Mh2tS'],"['spotify:playlist:5OJQzPTkKINHUa1wcAcr2b', 'spotify:playlist:75QpHRynDjJq7CoqIptqHK', 'spotify:playlist:6UrR0GgrbRNqsd05KhG2Hg', 'spotify:playlist:7lQu0IRGR1qTjWYdZbbKXE']",0.711,0.696,7.0,-5.05,1.0,0.0869,0.16,0.0,0.17,0.694,80.512,https://api.spotify.com/v1/audio-analysis/3NgcaTIgVh77DdwAInp996,189533.0,4.0,[68],"[['contemporary country', 'country', 'country road', 'modern country rock']]",[2087284]
spotify:track:6NKhY15Y8QaN67bBGxRA2b,"Hey Leroy, Your Mama's Callin' You",['Various Artists'],22,compilation,True,2013-01-12,['spotify:artist:0LyfQWJT6nXafLPZqxe9Of'],['spotify:playlist:6UrR0GgrbRNqsd05KhG2Hg'],0.711,0.868,0.0,-5.818,1.0,0.0392,0.256,0.396,0.116,0.944,105.799,https://api.spotify.com/v1/audio-analysis/6NKhY15Y8QaN67bBGxRA2b,146333.0,4.0,[0],[[]],[1873341]
spotify:track:0El2Zyt68nYySFDG87hZgM,Sun Daze,['Florida Georgia Line'],61,album,True,2014-10-14,['spotify:artist:3b8QkneNDz4JHKKKlLgYZg'],"['spotify:playlist:4m2b9fA2s6h9zCdTIYj35d', 'spotify:playlist:02lmMGgok1ieAbadYincnv', 'spotify:playlist:5rJ466E0Qw2U8wimcseryl', 'spotify:playlist:5OJQzPTkKINHUa1wcAcr2b', 'spotify:playlist:6UrR0GgrbRNqsd05KhG2Hg', 'spotify:playlist:2VxF0Ope2So8d0PQQv9iol', 'spotify:playlist:7lQu0IRGR1qTjWYdZbbKXE']",0.476,0.952,4.0,-3.783,1.0,0.041,0.0981,2.91e-06,0.438,0.849,170.062,https://api.spotify.com/v1/audio-analysis/0El2Zyt68nYySFDG87hZgM,184707.0,4.0,[76],"[['contemporary country', 'country', 'country pop', 'country road', 'modern country rock']]",[5181798]
spotify:track:56eGOeSsqdg3FLxdo83TwV,Rumor,['Lee Brice'],70,album,True,2017-11-03,['spotify:artist:5Zq7R5qmi58ByYyBQTlNuk'],"['spotify:playlist:37i9dQZF1DXdfhOsjRMISB', 'spotify:playlist:0LTgZOK8NpsVY1foyKltxD', 'spotify:playlist:7aSJ4FeT4ZhpAYD3deoTcH', 'spotify:playlist:6UrR0GgrbRNqsd05KhG2Hg', 'spotify:playlist:37i9dQZF1DX8WMG8VPSOJC', 'spotify:playlist:37i9dQZF1DXbIbVYph0Zr5', 'spotify:playlist:37i9dQZF1DWYnwbYQ5HnZU', 'spotify:playlist:75QpHRynDjJq7CoqIptqHK', 'spotify:playlist:7lQu0IRGR1qTjWYdZbbKXE']",0.655,0.56,9.0,-6.857,1.0,0.0486,0.749,0.0,0.115,0.599,140.975,https://api.spotify.com/v1/audio-analysis/56eGOeSsqdg3FLxdo83TwV,198440.0,4.0,[71],"[['contemporary country', 'country', 'country road']]",[1996696]
spotify:track:57gS5wJqIH6sbtBIIiioNY,Gonna,['Blake Shelton'],46,album,True,2014-09-30,['spotify:artist:1UTPBmNbXNTittyMJrNkvw'],"['spotify:playlist:6UrR0GgrbRNqsd05KhG2Hg', 'spotify:playlist:7IterCwfheoj5NmIgeafyA']",0.667,0.886,4.0,-5.12,1.0,0.0387,0.0265,0.0,0.0759,0.948,146.076,https://api.spotify.com/v1/audio-analysis/57gS5wJqIH6sbtBIIiioNY,182947.0,4.0,[72],"[['contemporary country', 'country', 'country road', 'oklahoma country']]",[6986744]
spotify:track:5qCddjdPnWUfv3ijlcSXnJ,Mine Again (I'd Be a Fool),['Dalton Domino'],25,album,True,2017-04-28,['spotify:artist:2qsLBELO7Pw7Bpffvv9yDT'],['spotify:playlist:6UrR0GgrbRNqsd05KhG2Hg'],0.724,0.712,4.0,-7.28,1.0,0.0371,0.0625,0.000136,0.103,0.741,101.012,https://api.spotify.com/v1/audio-analysis/5qCddjdPnWUfv3ijlcSXnJ,214557.0,4.0,[35],"[['red dirt', 'roots americana', 'texas country']]",[18226]
spotify:track:6dnco8haegnJYtylV26cBq,Islands In the Stream,['Dolly Parton'],62,compilation,True,1982-10-04,['spotify:artist:32vWCbZh0xZ4o9gkz4PsEU'],"['spotify:playlist:3OmqZKgsQomEk4rM82oVEX', 'spotify:playlist:3Y8XkJJIPj6cXHkkTJtgpF', 'spotify:playlist:6UrR0GgrbRNqsd05KhG2Hg', 'spotify:playlist:7ylxiqU1F17gmnGhNMDAXo', 'spotify:playlist:37i9dQZF1DWZBCPUIUs2iR', 'spotify:playlist:37i9dQZF1DWZQIRdXaBqdE']",0.617,0.411,8.0,-12.075,1.0,0.0373,0.675,1.04e-06,0.0886,0.738,203.934,https://api.spotify.com/v1/audio-analysis/6dnco8haegnJYtylV26cBq,251960.0,4.0,[73],"[['classic country pop', 'country', 'country dawn']]",[2090305]
spotify:track:08tq1XcHwVt5PHXUo87i0D,All To Myself,['Dan + Shay'],63,album,True,2018-06-22,['spotify:artist:7z5WFjZAIYejWy0NI5lv4T'],"['spotify:playlist:75QpHRynDjJq7CoqIptqHK', 'spotify:playlist:6UrR0GgrbRNqsd05KhG2Hg', 'spotify:playlist:0aEaRzCNqSSLE17AmTh0Mk', 'spotify:playlist:0LTgZOK8NpsVY1foyKltxD']",0.646,0.781,1.0,-4.616,1.0,0.0313,0.208,0.0,0.125,0.565,94.975,https://api.spotify.com/v1/audio-analysis/08tq1XcHwVt5PHXUo87i0D,169920.0,4.0,[73],"[['contemporary country', 'country', 'country road', 'pop']]",[2897571]
spotify:track:1mffZcVGwEqf9Xbdww0kCD,Beer Can in a Truck Bed,['Old Dominion'],40,album,True,2015-11-06,['spotify:artist:6y8XlgIV8BLlIg1tT1R10i'],['spotify:playlist:6UrR0GgrbRNqsd05KhG2Hg'],0.66,0.875,1.0,-5.792,0.0,0.0488,0.034,0.0,0.233,0.767,92.006,https://api.spotify.com/v1/audio-analysis/1mffZcVGwEqf9Xbdww0kCD,201467.0,4.0,[71],"[['contemporary country', 'country', 'country road']]",[1335114]
spotify:track:05AURmTdmCpIaBcww1HrGn,Good Vibes Tonight,['UB40'],39,album,True,2021-06-25,['spotify:artist:69MEO1AADKg1IZrq2XLzo5'],['spotify:playlist:6UrR0GgrbRNqsd05KhG2Hg'],0.751,0.612,2.0,-6.676,1.0,0.334,0.106,0.0,0.24,0.767,149.947,https://api.spotify.com/v1/audio-analysis/05AURmTdmCpIaBcww1HrGn,205040.0,4.0,[69],"[['reggae fusion', 'uk reggae']]",[2162481]
spotify:track:483beWfErq5MZAvC0fJ7cr,21 Summer,['Brothers Osborne'],57,album,True,2016-01-15,['spotify:artist:39NR3AUhpbbqKM33vWn2fp'],"['spotify:playlist:51PPTrVppMMbkdLtUJKt5O', 'spotify:playlist:6UrR0GgrbRNqsd05KhG2Hg', 'spotify:playlist:0FVeLKuLEaBGVhUU8oFsw0', 'spotify:playlist:4lxRCvFTNqD9fnlbWgGNF6', 'spotify:playlist:0SuOXMQvP86azj29hbJaeR']",0.644,0.89,2.0,-6.993,1.0,0.0332,0.0246,2.57e-05,0.103,0.619,112.027,https://api.spotify.com/v1/audio-analysis/483beWfErq5MZAvC0fJ7cr,214387.0,4.0,[64],"[['contemporary country', 'country', 'country road', 'modern southern rock']]",[1131718]
spotify:track:7JjymfuNMxQgOQJ4mGOdbg,It’s ‘Cause I Am,['Callista Clark'],47,single,True,2021-02-12,['spotify:artist:5aizOVB0aFinBgezLPkhnm'],['spotify:playlist:6UrR0GgrbRNqsd05KhG2Hg'],0.731,0.674,10.0,-5.018,0.0,0.0397,0.14,0.0,0.114,0.623,99.05,https://api.spotify.com/v1/audio-analysis/7JjymfuNMxQgOQJ4mGOdbg,166800.0,4.0,[43],"[['contemporary country', 'country pop']]",[12690]
spotify:track:59fi7eaSe4DuCqfua35m2W,Diamonds or Twine,['Ryan Hurd'],0,single,True,2018-03-23,['spotify:artist:7lDVEkjIURPMyUYwoQRrpw'],"['spotify:playlist:6UrR0GgrbRNqsd05KhG2Hg', 'spotify:playlist:3dYBGURMCqn0gLSO0dGS2C', 'spotify:playlist:219jvLoYRK32Vnntyoz4w7']",0.621,0.568,2.0,-8.795,1.0,0.0311,0.145,1.65e-06,0.108,0.724,148.047,https://api.spotify.com/v1/audio-analysis/59fi7eaSe4DuCqfua35m2W,211085.0,4.0,[60],"[['contemporary country', 'country', 'country pop', 'country road']]",[228555]
spotify:track:09iyGiljLWRYXdRazFkdtJ,I Could Use a Love Song,['Maren Morris'],64,album,True,2017-03-17,['spotify:artist:6WY7D3jk8zTrHtmkqqo5GI'],"['spotify:playlist:6UrR0GgrbRNqsd05KhG2Hg', 'spotify:playlist:37i9dQZF1DX8WMG8VPSOJC', 'spotify:playlist:37i9dQZF1DXbIbVYph0Zr5', 'spotify:playlist:37i9dQZF1DWYnwbYQ5HnZU', 'spotify:playlist:37i9dQZF1DXdmMcgFhLQ8u']",0.638,0.634,6.0,-6.474,1.0,0.0468,0.214,0.0,0.0866,0.473,92.097,https://api.spotify.com/v1/audio-analysis/09iyGiljLWRYXdRazFkdtJ,196422.0,4.0,[73],"[['contemporary country', 'country', 'pop', 'texas country']]",[728031]
spotify:track:3UJZ4VcHfSWyrMky8vobzv,Coconut Tree (with Willie Nelson),['Kenny Chesney'],44,album,True,2013-04-30,['spotify:artist:3grHWM9bx2E9vwJCdlRv9O'],"['spotify:playlist:37i9dQZF1DZ06evO3v06CA', 'spotify:playlist:6UrR0GgrbRNqsd05KhG2Hg']",0.825,0.387,0.0,-10.36,1.0,0.0364,0.756,0.000171,0.0866,0.794,126.067,https://api.spotify.com/v1/audio-analysis/3UJZ4VcHfSWyrMky8vobzv,204907.0,4.0,[72],"[['contemporary country', 'country', 'country road']]",[4235368]
spotify:track:2xPV95cfbyusygMTxpa3SW,You,['Dan + Shay'],67,album,True,2021-08-13,['spotify:artist:7z5WFjZAIYejWy0NI5lv4T'],"['spotify:playlist:6UrR0GgrbRNqsd05KhG2Hg', 'spotify:playlist:37i9dQZF1DX8WMG8VPSOJC']",0.544,0.572,0.0,-6.205,1.0,0.0319,0.118,0.0,0.234,0.52,169.885,https://api.spotify.com/v1/audio-analysis/2xPV95cfbyusygMTxpa3SW,196253.0,4.0,[73],"[['contemporary country', 'country', 'country road', 'pop']]",[2897571]
spotify:track:548ddxWI4sZKK1aCLuMR16,Lay My Claim,['Rebelution'],57,album,True,2016-06-03,['spotify:artist:2WjvvwAX0mdWwq3aFuUdtc'],"['spotify:playlist:6UrR0GgrbRNqsd05KhG2Hg', 'spotify:playlist:6nuRTWJGsasCY6JtQg6JxY']",0.877,0.618,5.0,-5.597,0.0,0.0456,0.0654,1e-05,0.056,0.846,90.997,https://api.spotify.com/v1/audio-analysis/548ddxWI4sZKK1aCLuMR16,242723.0,4.0,[64],[['reggae rock']],[786997]
spotify:track:3kb9vlB7NCKHNHvYyp8EaL,Slower,['Filmore'],37,album,True,2020-09-25,['spotify:artist:0FvJm0y2eHw0aPkLLU3sIG'],['spotify:playlist:6UrR0GgrbRNqsd05KhG2Hg'],0.687,0.75,11.0,-4.536,1.0,0.0961,0.107,3.05e-06,0.161,0.916,98.987,https://api.spotify.com/v1/audio-analysis/3kb9vlB7NCKHNHvYyp8EaL,172534.0,4.0,[51],"[['contemporary country', 'country', 'country pop']]",[49740]
spotify:track:5nWsaKPbHG8UpBqkaBJGrE,Beer With My Friends,"['Kenny Chesney', 'Old Dominion']",56,single,True,2022-08-26,"['spotify:artist:3grHWM9bx2E9vwJCdlRv9O', 'spotify:artist:6y8XlgIV8BLlIg1tT1R10i']","['spotify:playlist:0v4DvG8cBpHGOBOxVuVvgV', 'spotify:playlist:6UrR0GgrbRNqsd05KhG2Hg']",0.627,0.926,9.0,-2.134,1.0,0.0479,0.103,0.0,0.29,0.713,109.992,https://api.spotify.com/v1/audio-analysis/5nWsaKPbHG8UpBqkaBJGrE,180960.0,4.0,"[72, 71]","[['contemporary country', 'country', 'country road'], ['contemporary country', 'country', 'country road']]","[4235368, 1335114]"
spotify:track:4WUduEPZZG6wiE9B5IklnY,Let Me In - From The Fault in Our Stars Soundtrack,['GROUPLOVE'],45,single,True,2014-04-29,['spotify:artist:3kVUvbeRdcrqQ3oHk5hPdx'],['spotify:playlist:0bKh6LMkR7VPxAl0qvkxs4'],0.476,0.744,6.0,-6.602,1.0,0.0515,0.00397,0.000173,0.0982,0.159,127.934,https://api.spotify.com/v1/audio-analysis/4WUduEPZZG6wiE9B5IklnY,239658.0,4.0,[65],"[['indie pop', 'indie poptimism', 'indie rock', 'indietronica', 'la indie', 'modern alternative rock', 'modern rock', 'rock', 'stomp and holler']]",[1135035]
spotify:track:7sxrWEZenpKgxDxekifRUk,Give Me A Try,['The Wombats'],0,single,True,2015-03-04,['spotify:artist:0Ya43ZKWHTKkAbkoJJkwIB'],['spotify:playlist:0bKh6LMkR7VPxAl0qvkxs4'],0.623,0.922,1.0,-3.013,1.0,0.0534,0.000815,0.0,0.069,0.681,135.976,https://api.spotify.com/v1/audio-analysis/7sxrWEZenpKgxDxekifRUk,228471.0,4.0,[66],"[['liverpool indie', 'modern rock', 'rock']]",[1040526]
spotify:track:0BAoNo4799TRKGWhgg7hMy,Everywhere I Go (Kings and Queens),['New Politics'],0,single,True,2014-09-23,['spotify:artist:3RbyaF3Pq6iDUKNp04AIcU'],['spotify:playlist:0bKh6LMkR7VPxAl0qvkxs4'],0.469,0.976,4.0,-4.103,1.0,0.28,0.0591,6.17e-05,0.403,0.501,163.987,https://api.spotify.com/v1/audio-analysis/0BAoNo4799TRKGWhgg7hMy,206903.0,4.0,[48],"[['indie poptimism', 'modern alternative rock', 'modern rock', 'pop rock', 'stomp pop']]",[285997]
spotify:track:35eAXKpNIwmKAqADGz3wKY,A Perfect End,['Atlas Genius'],3,single,True,2015-08-14,['spotify:artist:42vg2T0Xg9yPaAgogJzoQH'],['spotify:playlist:0bKh6LMkR7VPxAl0qvkxs4'],0.468,0.829,9.0,-5.42,0.0,0.0808,0.00108,0.0,0.0679,0.35,182.984,https://api.spotify.com/v1/audio-analysis/35eAXKpNIwmKAqADGz3wKY,188467.0,4.0,[48],"[['indie poptimism', 'indietronica', 'modern alternative rock', 'modern rock', 'shimmer pop']]",[334653]
spotify:track:7hVsdXC9zRDiWFfhdmkYC8,Beat of My Drum,['POWERS'],0,single,True,2015-05-13,['spotify:artist:0PGB0xsAyDqHHlvNQcgq5S'],['spotify:playlist:0bKh6LMkR7VPxAl0qvkxs4'],0.747,0.911,4.0,-2.992,1.0,0.058,0.0533,0.0,0.0706,0.906,120.042,https://api.spotify.com/v1/audio-analysis/7hVsdXC9zRDiWFfhdmkYC8,205229.0,4.0,[47],"[['indie poptimism', 'la pop']]",[49953]
spotify:track:5sjEQjDkEYOr1RB6n5acXD,Lemon Eyes,['MEG MYERS'],43,album,True,2015-09-18,['spotify:artist:0W8xe7IqAPlnBRMUpWOUuJ'],['spotify:playlist:0bKh6LMkR7VPxAl0qvkxs4'],0.776,0.566,0.0,-7.561,1.0,0.0739,0.366,0.0,0.451,0.652,139.937,https://api.spotify.com/v1/audio-analysis/5sjEQjDkEYOr1RB6n5acXD,219827.0,4.0,[53],"[['dark pop', 'electropop', 'shimmer pop']]",[227477]
spotify:track:7fKF4HdftIEt3lLAy3rDG6,In Your Arms,"[""Chef'Special""]",0,single,True,2015-06-02,['spotify:artist:7IiSLreTg1of8dDwxwiPw3'],['spotify:playlist:0bKh6LMkR7VPxAl0qvkxs4'],0.648,0.564,5.0,-10.269,1.0,0.0682,0.673,0.0,0.115,0.377,92.958,https://api.spotify.com/v1/audio-analysis/7fKF4HdftIEt3lLAy3rDG6,215238.0,4.0,[55],"[['dutch indie', 'dutch pop', 'dutch rock', 'folk-pop', 'nederreggae']]",[165401]
spotify:track:5X4b5yuoihfPbZMzSOhg8M,Giants,['Bear Hands'],0,album,True,2014-02-18,['spotify:artist:3ViZST9PgFoieuOHY2GZMp'],['spotify:playlist:0bKh6LMkR7VPxAl0qvkxs4'],0.467,0.855,0.0,-5.485,1.0,0.114,0.00686,0.0126,0.0793,0.425,184.087,https://api.spotify.com/v1/audio-analysis/5X4b5yuoihfPbZMzSOhg8M,188267.0,4.0,[39],"[['brooklyn indie', 'modern alternative rock', 'modern rock', 'shimmer pop']]",[102064]
spotify:track:0oZw3H6FPKh60aEFvL3q2Z,Ashes & Fire,['Ryan Adams'],21,album,True,2011-01-01,['spotify:artist:2qc41rNTtdLK0tV3mJn2Pm'],['spotify:playlist:0bKh6LMkR7VPxAl0qvkxs4'],0.6,0.589,10.0,-7.297,1.0,0.0315,0.72,0.0,0.0634,0.537,139.687,https://api.spotify.com/v1/audio-analysis/0oZw3H6FPKh60aEFvL3q2Z,225253.0,3.0,[59],"[['alternative country', 'neo mellow', 'new americana', 'pop rock', 'roots rock', 'singer-songwriter', 'stomp and holler']]",[556681]
spotify:track:0UnRCKkL5LCZbaTO0kHKMk,Lonely Life,['Miike Snow'],31,album,True,2016-03-04,['spotify:artist:4l1cKWYW591xnwEGxpUg3J'],['spotify:playlist:0bKh6LMkR7VPxAl0qvkxs4'],0.584,0.796,0.0,-4.951,1.0,0.0362,0.0633,0.000247,0.318,0.365,92.011,https://api.spotify.com/v1/audio-analysis/0UnRCKkL5LCZbaTO0kHKMk,195227.0,4.0,[57],"[['alternative dance', 'electropop', 'indie rock', 'indietronica', 'modern rock', 'new rave', 'swedish electropop', 'swedish indie pop', 'swedish synthpop']]",[624096]
spotify:track:3awm1x3kGmYIVrkNDBFP6U,Naked Kids,['GROUPLOVE'],40,album,True,2011-09-02,['spotify:artist:3kVUvbeRdcrqQ3oHk5hPdx'],['spotify:playlist:0bKh6LMkR7VPxAl0qvkxs4'],0.588,0.598,11.0,-8.061,1.0,0.0361,0.122,0.0,0.117,0.292,105.024,https://api.spotify.com/v1/audio-analysis/3awm1x3kGmYIVrkNDBFP6U,210427.0,4.0,[65],"[['indie pop', 'indie poptimism', 'indie rock', 'indietronica', 'la indie', 'modern alternative rock', 'modern rock', 'rock', 'stomp and holler']]",[1135035]
spotify:track:3Sz51kDvFhngNDinn8WRb5,Midnight Movies,['Saint Motel'],41,single,True,2014-08-16,['spotify:artist:1dWEYMPtNmvSVaDNLgB6NV'],['spotify:playlist:0bKh6LMkR7VPxAl0qvkxs4'],0.717,0.858,0.0,-4.514,1.0,0.0256,0.0595,0.158,0.0957,0.464,111.472,https://api.spotify.com/v1/audio-analysis/3Sz51kDvFhngNDinn8WRb5,223947.0,4.0,[64],"[['la indie', 'modern alternative rock', 'modern rock']]",[632262]
spotify:track:582EVyAFKmKPa1bVPSDurJ,Two Fingers,['Jake Bugg'],58,album,True,2012-01-01,['spotify:artist:4hf3caW9H8uFwwbv5pFjcg'],"['spotify:playlist:0bKh6LMkR7VPxAl0qvkxs4', 'spotify:playlist:65ZdTO92K2gWajSBMs81Xj']",0.486,0.677,5.0,-5.227,1.0,0.0314,0.00252,0.0,0.102,0.913,120.576,https://api.spotify.com/v1/audio-analysis/582EVyAFKmKPa1bVPSDurJ,195987.0,4.0,[58],"[['modern rock', 'nottingham indie', 'rock']]",[793584]
spotify:track:2MXj4Y1oxBEbrvUG3Xw80G,Going the Distance,['Zipper Club'],16,single,True,2016-06-24,['spotify:artist:2y7bzzp54WcxNnnyamQFya'],['spotify:playlist:0bKh6LMkR7VPxAl0qvkxs4'],0.577,0.927,7.0,-4.218,1.0,0.0337,0.0818,7.22e-06,0.0784,0.607,123.042,https://api.spotify.com/v1/audio-analysis/2MXj4Y1oxBEbrvUG3Xw80G,214897.0,4.0,[8],[[]],[1657]
spotify:track:0vud1aGRNlwzuVGE3AfWzs,Find a Way,['King Charles'],0,single,True,2016-10-14,['spotify:artist:6QKDcdjtwqu4E7rztEUQu5'],['spotify:playlist:0bKh6LMkR7VPxAl0qvkxs4'],0.697,0.772,8.0,-5.27,1.0,0.0356,0.193,2.68e-06,0.0846,0.71,119.966,https://api.spotify.com/v1/audio-analysis/0vud1aGRNlwzuVGE3AfWzs,236791.0,4.0,[41],"[['folk-pop', 'shimmer pop', 'stomp and holler']]",[83796]
spotify:track:6ItGPha13j36IiQlvubGrT,Here Tonight,['Sam Burchfield'],30,album,True,2014-02-04,['spotify:artist:2S8ft2HNlQ2Ox9ltQZM1A5'],['spotify:playlist:0bKh6LMkR7VPxAl0qvkxs4'],0.471,0.464,11.0,-7.941,1.0,0.0301,0.702,5.59e-05,0.115,0.296,186.875,https://api.spotify.com/v1/audio-analysis/6ItGPha13j36IiQlvubGrT,252147.0,4.0,[44],"[['deep new americana', 'indie folk', 'indiecoustica', 'stomp and holler']]",[22698]
spotify:track:6dBZy6s7ThEQAQz49Ff2dG,2AM,['Bear Hands'],37,album,True,2016-04-15,['spotify:artist:3ViZST9PgFoieuOHY2GZMp'],['spotify:playlist:0bKh6LMkR7VPxAl0qvkxs4'],0.602,0.699,10.0,-5.097,0.0,0.0264,0.00208,0.00143,0.12,0.283,88.026,https://api.spotify.com/v1/audio-analysis/6dBZy6s7ThEQAQz49Ff2dG,295680.0,4.0,[39],"[['brooklyn indie', 'modern alternative rock', 'modern rock', 'shimmer pop']]",[102064]
spotify:track:0DcBU93zLXGRdPPbUnP1iS,Swept Away,['The Avett Brothers'],40,album,True,2004-07-27,['spotify:artist:196lKsA13K3keVXMDFK66q'],"['spotify:playlist:0bKh6LMkR7VPxAl0qvkxs4', 'spotify:playlist:6ZkygjP7GdMSKmsC2TJAz9', 'spotify:playlist:3blazJZL2xX0y9cwdzxPNv']",0.372,0.512,7.0,-8.135,1.0,0.028,0.119,0.0,0.126,0.554,160.859,https://api.spotify.com/v1/audio-analysis/0DcBU93zLXGRdPPbUnP1iS,233280.0,4.0,[63],"[['indie folk', 'new americana', 'north carolina indie', 'north carolina roots', 'progressive bluegrass', 'stomp and holler']]",[966319]
spotify:track:7mV04bSkXpqKyXnMHO6YwN,Thousand,['Horse Feathers'],0,album,True,2014-10-21,['spotify:artist:0lO2c86rQmrRJArBxgw0v8'],['spotify:playlist:0bKh6LMkR7VPxAl0qvkxs4'],0.433,0.57,0.0,-7.066,1.0,0.032,0.198,0.00724,0.495,0.6,139.504,https://api.spotify.com/v1/audio-analysis/7mV04bSkXpqKyXnMHO6YwN,227867.0,4.0,[32],"[['indie folk', 'stomp and holler']]",[70132]
spotify:track:4pyAfnaYh9K8BszgqxCZ1x,I Promise,['Generationals'],0,album,True,2011-03-29,['spotify:artist:57MtJQ6Sc4tIxrXIhrqVJL'],['spotify:playlist:0bKh6LMkR7VPxAl0qvkxs4'],0.626,0.84,7.0,-6.22,1.0,0.047,0.549,0.00469,0.175,0.812,98.982,https://api.spotify.com/v1/audio-analysis/4pyAfnaYh9K8BszgqxCZ1x,158893.0,4.0,[53],"[['alternative dance', 'chillwave', 'indie pop', 'indie rock', 'indietronica', 'modern rock', 'new orleans indie', 'shimmer pop', 'stomp and holler']]",[143254]
spotify:track:3qEzgPFbtr5PZQPZ3HfZ3v,Whoa,['Matt Pond PA'],0,single,True,2016-11-01,['spotify:artist:3JVgWZxQa78cVa2cUuAUQ4'],['spotify:playlist:0bKh6LMkR7VPxAl0qvkxs4'],0.555,0.762,11.0,-7.609,1.0,0.0334,0.00249,0.0,0.0789,0.683,91.026,https://api.spotify.com/v1/audio-analysis/3qEzgPFbtr5PZQPZ3HfZ3v,251241.0,4.0,[31],[['philly indie']],[27619]
spotify:track:4AQadviQto69JLxuPUdDgP,Take a Walk,['The Head And The Heart'],31,album,True,2016-09-09,['spotify:artist:0n94vC3S9c3mb2HyNAOcjg'],['spotify:playlist:0bKh6LMkR7VPxAl0qvkxs4'],0.44,0.648,0.0,-6.074,1.0,0.0278,0.00178,3.91e-06,0.115,0.464,82.075,https://api.spotify.com/v1/audio-analysis/4AQadviQto69JLxuPUdDgP,221053.0,4.0,[64],"[['folk-pop', 'indie folk', 'neo mellow', 'new americana', 'seattle indie', 'stomp and holler']]",[1035881]
spotify:track:4JbKTG0iQ41As64aMNKkit,Packed Powder,['Blind Pilot'],0,single,True,2016-01-01,['spotify:artist:6qiGjRyN7TJ1GA2nXF68Hi'],"['spotify:playlist:1XjcbwYnkGT87SoAXdp607', 'spotify:playlist:0bKh6LMkR7VPxAl0qvkxs4']",0.417,0.726,9.0,-5.946,1.0,0.0291,0.0203,0.055,0.0986,0.63,92.834,https://api.spotify.com/v1/audio-analysis/4JbKTG0iQ41As64aMNKkit,216200.0,4.0,[48],"[['indie folk', 'indie rock', 'neo mellow', 'new americana', 'portland indie', 'stomp and holler']]",[252219]
spotify:track:3EF2VstbPbRUDWpGmzWP7F,Not Alone,['Matt and Kim'],36,album,True,2015-04-07,['spotify:artist:4MSMDY0ClgWqXApU53I1L1'],['spotify:playlist:0bKh6LMkR7VPxAl0qvkxs4'],0.686,0.814,7.0,-4.999,1.0,0.0347,0.22,0.0,0.362,0.681,100.005,https://api.spotify.com/v1/audio-analysis/3EF2VstbPbRUDWpGmzWP7F,182373.0,4.0,[58],"[['brooklyn indie', 'indietronica', 'modern rock']]",[393352]
spotify:track:2i7VNdupOXVbHD8R4669T7,Comin' Round Again,['Houndmouth'],0,album,True,2013-06-04,['spotify:artist:7EGwUS3c5dXduO4sMyLWC5'],"['spotify:playlist:0bKh6LMkR7VPxAl0qvkxs4', 'spotify:playlist:3ATMp48Ak0P4w5SHVpgd2P']",0.348,0.562,6.0,-5.437,1.0,0.0305,0.0219,0.000321,0.0989,0.549,142.333,https://api.spotify.com/v1/audio-analysis/2i7VNdupOXVbHD8R4669T7,219800.0,4.0,[59],"[['deep new americana', 'indie folk', 'modern folk rock', 'modern rock', 'new americana', 'rock', 'stomp and holler']]",[274950]
spotify:track:7iOyMOxdOULvXqUqC26spJ,Modern Jesus,['Portugal. The Man'],56,album,True,2013-05-31,['spotify:artist:4kI8Ie27vjvonwaB2ePh8T'],"['spotify:playlist:6RTCJnHpSYEXg2JPP5rcc6', 'spotify:playlist:0bKh6LMkR7VPxAl0qvkxs4']",0.627,0.633,10.0,-7.41,0.0,0.0305,0.133,7.07e-05,0.216,0.763,85.999,https://api.spotify.com/v1/audio-analysis/7iOyMOxdOULvXqUqC26spJ,194053.0,4.0,[67],"[['indie rock', 'modern alternative rock', 'modern rock', 'rock']]",[1368304]
spotify:track:6ImpVOOzNrrzi5k6HiVSIk,High,['Various Artists'],33,compilation,True,2017-03-30,['spotify:artist:0LyfQWJT6nXafLPZqxe9Of'],['spotify:playlist:0bKh6LMkR7VPxAl0qvkxs4'],0.744,0.692,2.0,-7.273,1.0,0.0375,0.00617,0.00549,0.0653,0.746,122.992,https://api.spotify.com/v1/audio-analysis/6ImpVOOzNrrzi5k6HiVSIk,231413.0,4.0,[0],[[]],[1873341]
spotify:track:324B66fyk2vci1bYXB4YnL,15 Years,['Houndmouth'],0,album,True,2015-03-17,['spotify:artist:7EGwUS3c5dXduO4sMyLWC5'],['spotify:playlist:0bKh6LMkR7VPxAl0qvkxs4'],0.28,0.829,0.0,-6.332,1.0,0.0875,0.0451,0.0,0.354,0.483,159.1,https://api.spotify.com/v1/audio-analysis/324B66fyk2vci1bYXB4YnL,187467.0,4.0,[59],"[['deep new americana', 'indie folk', 'modern folk rock', 'modern rock', 'new americana', 'rock', 'stomp and holler']]",[274950]
spotify:track:5kjaMjkQxkJYZiDSIbuIF8,Absolutely,['Ra Ra Riot'],0,single,True,2016-01-01,['spotify:artist:6FIrstf3kHEg3zBOyLpvxD'],['spotify:playlist:0bKh6LMkR7VPxAl0qvkxs4'],0.596,0.888,11.0,-3.585,1.0,0.0378,0.000875,0.0,0.0861,0.727,102.016,https://api.spotify.com/v1/audio-analysis/5kjaMjkQxkJYZiDSIbuIF8,226000.0,4.0,[48],"[['baroque pop', 'indie pop', 'indie poptimism', 'indie rock', 'indietronica', 'modern rock', 'piano rock', 'shimmer pop', 'stomp and holler']]",[202889]
spotify:track:4hqsg6viSC2UoLKUydMFOO,Say It,['Houndmouth'],0,album,True,2015-03-17,['spotify:artist:7EGwUS3c5dXduO4sMyLWC5'],['spotify:playlist:0bKh6LMkR7VPxAl0qvkxs4'],0.221,0.874,6.0,-4.412,1.0,0.0493,3.42e-05,0.000272,0.359,0.552,191.001,https://api.spotify.com/v1/audio-analysis/4hqsg6viSC2UoLKUydMFOO,202400.0,4.0,[59],"[['deep new americana', 'indie folk', 'modern folk rock', 'modern rock', 'new americana', 'rock', 'stomp and holler']]",[274950]
spotify:track:4LCOFsWBoBlGw3qf33dl5V,Bows,['Covey'],45,single,True,2016-07-01,['spotify:artist:1BWtQmbjRgQ6YaEIizJ5Pe'],['spotify:playlist:0bKh6LMkR7VPxAl0qvkxs4'],0.482,0.42,0.0,-9.951,1.0,0.0296,0.931,0.663,0.105,0.107,119.975,https://api.spotify.com/v1/audio-analysis/4LCOFsWBoBlGw3qf33dl5V,220000.0,4.0,[40],[['indie anthem-folk']],[37789]
spotify:track:6oToe0shcqyTZ00Hgdl9ZB,Only Songs (Radio Edit),['The Wild Reeds'],27,album,True,2017-04-07,['spotify:artist:3Q9WLyqkHw04V6DDtvPWwH'],['spotify:playlist:0bKh6LMkR7VPxAl0qvkxs4'],0.592,0.705,6.0,-4.887,1.0,0.0324,0.111,2.05e-06,0.137,0.615,107.956,https://api.spotify.com/v1/audio-analysis/6oToe0shcqyTZ00Hgdl9ZB,183787.0,1.0,[43],"[['deep new americana', 'indie folk', 'indie pop', 'new americana', 'stomp and holler']]",[58369]
spotify:track:5ucRrHQrCGDeUdL5bKFWk1,River Wider,['Tall Heights'],37,album,True,2016-08-19,['spotify:artist:1OVaGC0CDZaxjcPxclSNmp'],"['spotify:playlist:0JqaKY09rGN6l1lpTE6eUI', 'spotify:playlist:0bKh6LMkR7VPxAl0qvkxs4', 'spotify:playlist:37i9dQZF1DXat5j4Lk8UEj']",0.58,0.552,8.0,-6.047,1.0,0.0272,0.383,0.126,0.0625,0.404,139.977,https://api.spotify.com/v1/audio-analysis/5ucRrHQrCGDeUdL5bKFWk1,195213.0,4.0,[50],"[['boston folk', 'folk-pop', 'indie folk', 'indiecoustica', 'new americana', 'stomp and holler']]",[76916]
spotify:track:5VG4VvKGp6NoBC8nFTtt84,My Cousin Greg,['Houndmouth'],0,album,True,2015-03-17,['spotify:artist:7EGwUS3c5dXduO4sMyLWC5'],"['spotify:playlist:6qrqaTMMxh81tSSB3kSJkC', 'spotify:playlist:0bKh6LMkR7VPxAl0qvkxs4']",0.274,0.58,11.0,-6.253,1.0,0.0335,0.00133,1.05e-06,0.855,0.594,166.644,https://api.spotify.com/v1/audio-analysis/5VG4VvKGp6NoBC8nFTtt84,236732.0,4.0,[59],"[['deep new americana', 'indie folk', 'modern folk rock', 'modern rock', 'new americana', 'rock', 'stomp and holler']]",[274950]
spotify:track:14A2dKF4O0kQD0E5CCX3Jc,California (Cast Iron Soul),['Jamestown Revival'],51,album,True,2014-09-23,['spotify:artist:4w1ZBtHF0HxrGqQdB7i1it'],['spotify:playlist:0bKh6LMkR7VPxAl0qvkxs4'],0.449,0.786,4.0,-5.438,1.0,0.0398,0.152,0.0,0.0911,0.46,161.798,https://api.spotify.com/v1/audio-analysis/14A2dKF4O0kQD0E5CCX3Jc,252960.0,4.0,[51],"[['austin americana', 'deep new americana', 'folk-pop', 'new americana', 'roots rock', 'stomp and holler']]",[97150]
spotify:track:4bhTJfVPynHxot7dlVNgq7,I Need Never Get Old,['Nathaniel Rateliff & The Night Sweats'],0,album,True,2015-01-01,['spotify:artist:02seUFsFQP7TH4hLrTj77o'],"['spotify:playlist:23M0LxfkwhVksimY3wrMtA', 'spotify:playlist:56dbowk1V5ycS5jW7DSvi5', 'spotify:playlist:0bKh6LMkR7VPxAl0qvkxs4', 'spotify:playlist:0nNWvCmhb9XqldYDcqZKIx', 'spotify:playlist:3ta7Z93UXBjRGu14QusNp5']",0.614,0.744,7.0,-5.647,1.0,0.0407,0.00203,0.0797,0.0664,0.766,135.093,https://api.spotify.com/v1/audio-analysis/4bhTJfVPynHxot7dlVNgq7,253733.0,4.0,[62],"[['new americana', 'rock', 'stomp and holler']]",[576240]
spotify:track:6XOtuSLtsnZKhvcW9DBaUL,Morning Light,['Wilderado'],0,single,True,2017-07-28,['spotify:artist:1Tp7C6LzxZe9Mix6rn4zbI'],"['spotify:playlist:68wUcdltu25ybfR4Ux2yfk', 'spotify:playlist:0bKh6LMkR7VPxAl0qvkxs4', 'spotify:playlist:0U5JlVYafbQ35qjWhQKUfp']",0.457,0.582,9.0,-4.971,1.0,0.0285,0.00592,2.39e-05,0.0847,0.335,76.049,https://api.spotify.com/v1/audio-analysis/6XOtuSLtsnZKhvcW9DBaUL,220253.0,4.0,[56],"[['indie folk', 'indie rock', 'modern rock', 'stomp and holler']]",[89881]
spotify:track:6vikZR6OvVmDSSgfiQVQgm,Young,['Kenny Chesney'],39,compilation,True,2009-05-19,['spotify:artist:3grHWM9bx2E9vwJCdlRv9O'],"['spotify:playlist:1mWt3ul4FchBQkA5O2UQv8', 'spotify:playlist:2VxF0Ope2So8d0PQQv9iol']",0.673,0.818,9.0,-6.182,1.0,0.0354,0.0249,0.0,0.292,0.638,125.753,https://api.spotify.com/v1/audio-analysis/6vikZR6OvVmDSSgfiQVQgm,235707.0,4.0,[72],"[['contemporary country', 'country', 'country road']]",[4235368]
spotify:track:1BkeuMWQzM8QNDrAqkmGBM,Tip It Back,['Florida Georgia Line'],36,album,True,2012-01-01,['spotify:artist:3b8QkneNDz4JHKKKlLgYZg'],"['spotify:playlist:2VxF0Ope2So8d0PQQv9iol', 'spotify:playlist:49QHtigsIlJ7DhsBElxQjC']",0.45,0.948,5.0,-3.347,1.0,0.0464,0.000513,0.0,0.387,0.848,163.953,https://api.spotify.com/v1/audio-analysis/1BkeuMWQzM8QNDrAqkmGBM,224853.0,4.0,[76],"[['contemporary country', 'country', 'country pop', 'country road', 'modern country rock']]",[5181798]
spotify:track:2uj7b7Kcai6vMm5OhoF4Am,Cold Beer With Your Name On It,['Josh Thompson'],0,single,True,2013-01-01,['spotify:artist:4BuyNtIXCdb4fHesOdR3io'],"['spotify:playlist:2VxF0Ope2So8d0PQQv9iol', 'spotify:playlist:0FVeLKuLEaBGVhUU8oFsw0', 'spotify:playlist:49QHtigsIlJ7DhsBElxQjC']",0.588,0.686,0.0,-4.498,1.0,0.0275,0.0682,0.0,0.0722,0.527,152.958,https://api.spotify.com/v1/audio-analysis/2uj7b7Kcai6vMm5OhoF4Am,201467.0,4.0,[47],"[['contemporary country', 'country', 'country pop', 'country road', 'modern country rock', 'redneck']]",[171462]
